{
  "wallet": "0xba9a3c0a22baebe8c4926227bde32d6edc0d5d28",
  "rank": 1,
  "lifetime": {
    "months_active": 27,
    "first": "2023-07",
    "last": "2025-10",
    "tx_sum": 932817,
    "uniq_sum": 3550,
    "trade_sum": 14631,
    "nft_sum": 11,
    "gas_sum": 1.148623,
    "avg_balance_eth_mean": 2.354268,
    "streak_best_days": 705
  },
  "months": {
    "2023-07": {
      "txs": 0,
      "uniq": 0,
      "trade": 0,
      "nft": 0,
      "gas": 0.0,
      "bal": 0.0,
      "days": 0,
      "spread": 0.0,
      "streak": 0,
      "rank_m": 292423,
      "pct_m": 0.310908
    },
    "2023-08": {
      "txs": 79,
      "uniq": 1,
      "trade": 0,
      "nft": 0,
      "gas": 0.014846,
      "bal": 0.636857,
      "days": 13,
      "spread": 0.419355,
      "streak": 12,
      "rank_m": 36187,
      "pct_m": 0.038474
    },
    "2023-09": {
      "txs": 83,
      "uniq": 1,
      "trade": 7,
      "nft": 1,
      "gas": 0.004093,
      "bal": 1.578877,
      "days": 28,
      "spread": 0.933333,
      "streak": 15,
      "rank_m": 6390,
      "pct_m": 0.006793
    },
    "2023-10": {
      "txs": 212,
      "uniq": 1,
      "trade": 0,
      "nft": 0,
      "gas": 0.002672,
      "bal": 1.557744,
      "days": 28,
      "spread": 0.903226,
      "streak": 20,
      "rank_m": 15530,
      "pct_m": 0.016511
    },
    "2023-11": {
      "txs": 289,
      "uniq": 1,
      "trade": 147,
      "nft": 0,
      "gas": 0.008817,
      "bal": 1.481227,
      "days": 29,
      "spread": 0.966667,
      "streak": 19,
      "rank_m": 3604,
      "pct_m": 0.003831
    },
    "2023-12": {
      "txs": 338,
      "uniq": 1,
      "trade": 63,
      "nft": 0,
      "gas": 0.005838,
      "bal": 1.33464,
      "days": 31,
      "spread": 1.0,
      "streak": 31,
      "rank_m": 3895,
      "pct_m": 0.00414
    },
    "2024-01": {
      "txs": 2108,
      "uniq": 1,
      "trade": 5,
      "nft": 1,
      "gas": 0.024589,
      "bal": 1.260674,
      "days": 31,
      "spread": 1.0,
      "streak": 31,
      "rank_m": 4445,
      "pct_m": 0.004725
    },
    "2024-02": {
      "txs": 6258,
      "uniq": 2,
      "trade": 234,
      "nft": 0,
      "gas": 0.276104,
      "bal": 1.82284,
      "days": 29,
      "spread": 1.0,
      "streak": 29,
      "rank_m": 6220,
      "pct_m": 0.006612
    },
    "2024-03": {
      "txs": 10676,
      "uniq": 2,
      "trade": 491,
      "nft": 0,
      "gas": 0.611072,
      "bal": 1.914215,
      "days": 31,
      "spread": 1.0,
      "streak": 31,
      "rank_m": 9566,
      "pct_m": 0.01017
    },
    "2024-04": {
      "txs": 29750,
      "uniq": 3,
      "trade": 3762,
      "nft": 0,
      "gas": 0.157171,
      "bal": 1.880932,
      "days": 30,
      "spread": 1.0,
      "streak": 30,
      "rank_m": 10183,
      "pct_m": 0.010826
    },
    "2024-05": {
      "txs": 24650,
      "uniq": 3,
      "trade": 815,
      "nft": 0,
      "gas": 0.022763,
      "bal": 3.468503,
      "days": 31,
      "spread": 1.0,
      "streak": 31,
      "rank_m": 6162,
      "pct_m": 0.00655
    },
    "2024-06": {
      "txs": 14240,
      "uniq": 3,
      "trade": 661,
      "nft": 0,
      "gas": 0.000417,
      "bal": 3.6076,
      "days": 30,
      "spread": 1.0,
      "streak": 30,
      "rank_m": 5685,
      "pct_m": 0.006043
    },
    "2024-07": {
      "txs": 47546,
      "uniq": 2,
      "trade": 306,
      "nft": 2,
      "gas": 0.00118,
      "bal": 3.562747,
      "days": 31,
      "spread": 1.0,
      "streak": 31,
      "rank_m": 5545,
      "pct_m": 0.005894
    },
    "2024-08": {
      "txs": 5066,
      "uniq": 3,
      "trade": 36,
      "nft": 0,
      "gas": 0.000509,
      "bal": 3.553057,
      "days": 31,
      "spread": 1.0,
      "streak": 31,
      "rank_m": 3782,
      "pct_m": 0.00402
    },
    "2024-09": {
      "txs": 5744,
      "uniq": 3,
      "trade": 622,
      "nft": 1,
      "gas": 8.1e-05,
      "bal": 3.542582,
      "days": 30,
      "spread": 1.0,
      "streak": 30,
      "rank_m": 2538,
      "pct_m": 0.002697
    },
    "2024-10": {
      "txs": 8505,
      "uniq": 3,
      "trade": 35,
      "nft": 2,
      "gas": 0.00013,
      "bal": 3.525917,
      "days": 31,
      "spread": 1.0,
      "streak": 31,
      "rank_m": 5486,
      "pct_m": 0.005832
    },
    "2024-11": {
      "txs": 6939,
      "uniq": 3,
      "trade": 54,
      "nft": 0,
      "gas": 0.01593,
      "bal": 3.485566,
      "days": 30,
      "spread": 1.0,
      "streak": 30,
      "rank_m": 8293,
      "pct_m": 0.008816
    },
    "2024-12": {
      "txs": 11758,
      "uniq": 3,
      "trade": 436,
      "nft": 0,
      "gas": 0.000242,
      "bal": 3.350076,
      "days": 31,
      "spread": 1.0,
      "streak": 31,
      "rank_m": 30938,
      "pct_m": 0.032893
    },
    "2025-01": {
      "txs": 13010,
      "uniq": 3,
      "trade": 263,
      "nft": 0,
      "gas": 0.000658,
      "bal": 3.190939,
      "days": 31,
      "spread": 1.0,
      "streak": 31,
      "rank_m": 14996,
      "pct_m": 0.015943
    },
    "2025-02": {
      "txs": 18420,
      "uniq": 3,
      "trade": 332,
      "nft": 0,
      "gas": 7.2e-05,
      "bal": 3.075191,
      "days": 28,
      "spread": 1.0,
      "streak": 28,
      "rank_m": 15873,
      "pct_m": 0.016875
    },
    "2025-03": {
      "txs": 43001,
      "uniq": 4,
      "trade": 404,
      "nft": 0,
      "gas": 0.000283,
      "bal": 2.990438,
      "days": 31,
      "spread": 1.0,
      "streak": 31,
      "rank_m": 5811,
      "pct_m": 0.006177
    },
    "2025-04": {
      "txs": 82973,
      "uniq": 4,
      "trade": 543,
      "nft": 0,
      "gas": 0.001158,
      "bal": 2.84084,
      "days": 30,
      "spread": 1.0,
      "streak": 30,
      "rank_m": 2035,
      "pct_m": 0.002163
    },
    "2025-05": {
      "txs": 97121,
      "uniq": 5,
      "trade": 777,
      "nft": 3,
      "gas": 0.0,
      "bal": 2.496978,
      "days": 31,
      "spread": 1.0,
      "streak": 31,
      "rank_m": 1868,
      "pct_m": 0.001985
    },
    "2025-06": {
      "txs": 110791,
      "uniq": 3,
      "trade": 1696,
      "nft": 0,
      "gas": 0.0,
      "bal": 2.419634,
      "days": 30,
      "spread": 1.0,
      "streak": 30,
      "rank_m": 3693,
      "pct_m": 0.003925
    },
    "2025-07": {
      "txs": 166054,
      "uniq": 552,
      "trade": 1140,
      "nft": 0,
      "gas": 0.0,
      "bal": 2.2395,
      "days": 31,
      "spread": 1.0,
      "streak": 31,
      "rank_m": 7,
      "pct_m": 6e-06
    },
    "2025-08": {
      "txs": 163838,
      "uniq": 1134,
      "trade": 1127,
      "nft": 0,
      "gas": 0.0,
      "bal": 1.854659,
      "days": 31,
      "spread": 1.0,
      "streak": 31,
      "rank_m": 6,
      "pct_m": 5e-06
    },
    "2025-09": {
      "txs": 55684,
      "uniq": 1130,
      "trade": 391,
      "nft": 1,
      "gas": 0.0,
      "bal": 1.672193,
      "days": 30,
      "spread": 1.0,
      "streak": 30,
      "rank_m": 7,
      "pct_m": 6e-06
    },
    "2025-10": {
      "txs": 7684,
      "uniq": 676,
      "trade": 284,
      "nft": 0,
      "gas": 0.0,
      "bal": 1.575088,
      "days": 16,
      "spread": 0.516129,
      "streak": 16,
      "rank_m": 10,
      "pct_m": 1e-05
    }
  }
}